Variant1	Class1	PP1	Variant2	Class2	PP2	trait	distance	regionA	regionB
chr6:26091185-26091186	coding	0.8628	chr6:26091179-26091180	coding	0.6615	HGB	4	region27	region27
chr12:57023274-57023275	promoter	0.6205	chr12:57023284-57023285	promoter	0.607	MPV	8	region150	region150
chr9:130628524-130628525	intergenic	0.7021	chr9:130628500-130628501	intergenic	0.6981	HGB	22	region77	region77
chr7:92408370-92408371	accessible	0.9998	chr7:92408329-92408330	accessible	0.9988	EO_COUNT	39	region110	region110
chr19:33754548-33754549	accessible	1	chr19:33754491-33754492	accessible	0.847	MEAN_RETIC_VOL	55	region146	region146
chr9:4763368-4763369	accessible	1	chr9:4763491-4763492	accessible	1	PLT_COUNT	121	region130	region130
chr6:41924998-41924999	accessible	1	chr6:41925159-41925160	accessible	0.9349	MCH	159	region50	region50
chr6:41924998-41924999	accessible	1	chr6:41925159-41925160	accessible	0.9987	MCV	159	region54	region54
chr6:41924998-41924999	accessible	1	chr6:41925159-41925160	accessible	0.9971	MEAN_RETIC_VOL	159	region42	region42
chr6:41924998-41924999	accessible	0.9999	chr6:41925159-41925160	accessible	0.9439	RBC_COUNT	159	region37	region37
chr14:74042978-74042979	intergenic	1	chr14:74043168-74043169	intergenic	0.9354	LYMPH_COUNT	188	region160	region160
chr14:74042978-74042979	intergenic	1	chr14:74043168-74043169	intergenic	0.9535	WBC_COUNT	188	region195	region195
chr3:124327394-124327395	accessible	0.751	chr3:124327131-124327132	accessible	0.5751	MPV	261	region1002	region1002
chr20:57597971-57597972	coding	0.7616	chr20:57597645-57597646	intron	0.7082	MPV	324	region236	region236
chr8:41630447-41630448	accessible	1	chr8:41630932-41630933	intron	0.9416	MEAN_RETIC_VOL	483	region82	region82
chr19:6802571-6802572	accessible	0.9942	chr19:6801966-6801967	accessible	0.6175	MPV	603	region230	region230
chr12:122031738-122031739	intergenic	1	chr12:122030712-122030713	intergenic	0.9993	MPV	1024	region1008	region1008
chr5:102476646-102476647	intron	0.8227	chr5:102477915-102477916	intron	0.5757	LYMPH_COUNT	1267	region52	region52
chr5:102477915-102477916	intron	0.916	chr5:102476646-102476647	intron	0.6532	WBC_COUNT	1267	region55	region55
chr1:101704577-101704578	coding	0.9967	chr1:101703249-101703250	promoter	0.5465	LYMPH_COUNT	1326	region2	region2
chr16:19271767-19271768	intron	0.9988	chr16:19273328-19273329	intron	0.8072	WBC_COUNT	1559	region209	region209
chr9:130630233-130630234	coding	0.9842	chr9:130628524-130628525	intergenic	0.7021	HGB	1707	region77	region77
chr2:192696255-192696256	accessible	1	chr2:192697988-192697989	intergenic	0.7024	MPV	1731	region22	region22
chr3:124327394-124327395	accessible	0.8306	chr3:124329161-124329162	intron	0.607	PLT_COUNT	1765	region40	region40
chr3:184091102-184091103	promoter	1	chr3:184093040-184093041	promoter	0.9947	PLT_COUNT	1936	region37	region37
chr5:52133266-52133267	intron	0.999	chr5:52131315-52131316	intron	0.6738	RETIC_COUNT	1949	region49	region49
chr14:23587046-23587047	promoter	0.9999	chr14:23589057-23589058	promoter	0.9955	EO_COUNT	2009	region149	region149
chr9:27487221-27487222	accessible	0.9959	chr9:27489251-27489252	accessible	0.765	WBC_COUNT	2028	region155	region155
chr19:33754548-33754549	accessible	1	chr19:33756610-33756611	accessible	0.8603	RBC_COUNT	2060	region128	region128
chr8:22454826-22454827	coding	0.7483	chr8:22457388-22457389	promoter	0.8652	LYMPH_COUNT	2560	region126	region126
chr6:139841653-139841654	accessible	0.55	chr6:139844429-139844430	intergenic	0.5314	MCH	2774	region52	region52
chr6:139841653-139841654	accessible	0.5927	chr6:139844429-139844430	intergenic	0.6524	MCV	2774	region55	region55
chr6:41909521-41909522	coding	0.9714	chr6:41906661-41906662	intron	0.8636	MCV	2858	region54	region54
chr6:41909521-41909522	coding	0.9979	chr6:41906661-41906662	intron	0.7135	MEAN_RETIC_VOL	2858	region42	region42
chr6:41903798-41903799	coding	0.8703	chr6:41906661-41906662	intron	0.8636	MCV	2861	region54	region54
chr20:55988358-55988359	intron	0.8	chr20:55991637-55991638	intron	0.7677	MEAN_RETIC_VOL	3277	region152	region152
chr7:100235970-100235971	intron	0.5573	chr7:100239422-100239423	promoter	0.5518	MCH	3450	region99	region99
chr8:130919581-130919582	intron	0.6107	chr8:130916092-130916093	intron	0.5754	WBC_COUNT	3487	region147	region147
chr5:75960968-75960969	coding	1	chr5:75964507-75964508	coding	1	MPV	3537	region65	region65
chr10:97057370-97057371	accessible	0.742	chr10:97053775-97053776	intergenic	0.9982	MPV	3593	region132	region132
chr4:133957535-133957536	intergenic	0.9615	chr4:133953630-133953631	intergenic	0.9589	WBC_COUNT	3903	region49	region49
chr19:33754548-33754549	accessible	1	chr19:33750393-33750394	accessible	0.8942	MCH	4153	region179	region179
chr19:33754548-33754549	accessible	1	chr19:33750393-33750394	accessible	0.8061	MCV	4153	region187	region187
chr8:22453223-22453224	coding	0.6099	chr8:22457804-22457805	promoter	0.7779	WBC_COUNT	4579	region145	region145
chr3:128311067-128311068	accessible	0.5212	chr3:128315725-128315726	intergenic	0.8201	EO_COUNT	4656	region28	region28
chr12:133047979-133047980	accessible	0.809	chr12:133052762-133052763	intergenic	0.5957	MCV	4781	region147	region147
chr12:122054658-122054659	intergenic	1	chr12:122059753-122059754	intergenic	1	MPV	5093	region1008	region1008
chr18:40678235-40678236	intron	0.9686	chr18:40672964-40672965	intron	0.5099	WBC_COUNT	5269	region225	region225
chr7:100314474-100314475	intergenic	0.9947	chr7:100309180-100309181	intergenic	0.9807	HGB	5292	region68	region68
chr9:130622946-130622947	intergenic	0.9887	chr9:130628500-130628501	intergenic	0.6981	HGB	5552	region77	region77
chr1:203281175-203281176	accessible	1	chr1:203275407-203275408	promoter	0.9936	MEAN_RETIC_VOL	5766	region3	region3
chr6:26098474-26098475	promoter	0.9993	chr6:26104632-26104633	promoter	0.5759	MCH	6156	region49	region49
chr6:26098474-26098475	promoter	0.8696	chr6:26104632-26104633	promoter	0.5199	MCHC	6156	region11	region11
chr6:26098474-26098475	promoter	0.9929	chr6:26104632-26104633	promoter	0.5575	MCV	6156	region53	region53
chr13:114012898-114012899	intron	0.5846	chr13:114019164-114019165	promoter	0.5118	MPV	6264	region170	region170
chr19:906510-906511	accessible	0.5706	chr19:913048-913049	promoter	1	RETIC_COUNT	6536	region125	region125
chr3:56999968-56999969	intron	0.8801	chr3:57007130-57007131	intron	0.7492	MPV	7160	region1003	region1003
chr6:26261527-26261528	accessible	0.6488	chr6:26254271-26254272	intergenic	0.7978	MCV	7254	region62	region62
chr6:26091185-26091186	coding	0.8628	chr6:26098474-26098475	promoter	0.5638	HGB	7287	region27	region27
chr1:247719769-247719770	intron	0.5195	chr1:247712303-247712304	promoter	1	MPV	7464	region3	region3
chr2:60710615-60710616	accessible	0.7659	chr2:60718347-60718348	accessible	0.5696	MCH	7730	region17	region17
chr2:60718347-60718348	accessible	0.915	chr2:60710615-60710616	accessible	0.7264	MCV	7730	region19	region19
chr2:60710615-60710616	accessible	0.7438	chr2:60718347-60718348	accessible	0.6156	MEAN_RETIC_VOL	7730	region18	region18
chr6:66902986-66902987	intergenic	0.9679	chr6:66911055-66911056	intergenic	0.8651	WBC_COUNT	8067	region112	region112
chr3:56967082-56967083	intron	0.8843	chr3:56975292-56975293	promoter	1	PLT_COUNT	8208	region1002	region1002
chr12:40545410-40545411	accessible	0.6255	chr12:40554056-40554057	intergenic	0.6617	WBC_COUNT	8644	region186	region186
chr6:108596310-108596311	intergenic	0.9996	chr6:108587496-108587497	intergenic	0.9436	NEUTRO_COUNT	8812	region63	region63
chr6:108596310-108596311	intergenic	1	chr6:108587496-108587497	intergenic	0.9862	WBC_COUNT	8812	region96	region96
chr12:122031738-122031739	intergenic	1	chr12:122040849-122040850	intergenic	1	MPV	9109	region1008	region1008
chr19:906510-906511	accessible	0.5706	chr19:897215-897216	coding	0.5651	RETIC_COUNT	9293	region125	region125
chr12:39145737-39145738	intron	1	chr12:39136345-39136346	intron	0.9968	WBC_COUNT	9390	region186	region186
chr1:156878473-156878474	coding	0.9995	chr1:156869047-156869048	intron	0.5917	MPV	9424	region5	region5
chr4:145026126-145026127	accessible	0.9998	chr4:145035851-145035852	coding	0.8595	MEAN_RETIC_VOL	9723	region34	region34
chr2:136643555-136643556	intergenic	0.8994	chr2:136633771-136633772	promoter	0.6294	WBC_COUNT	9782	region11	region11
chr16:85946494-85946495	accessible	0.7611	chr16:85936389-85936390	promoter	1	MONO_COUNT	10103	region171	region171
chr1:247722588-247722589	intron	0.5966	chr1:247712303-247712304	promoter	1	PLT_COUNT	10283	region1	region1
chr5:52120862-52120863	intron	0.9984	chr5:52131315-52131316	intron	0.6738	RETIC_COUNT	10451	region49	region49
chr1:36937059-36937060	coding	0.6549	chr1:36947888-36947889	promoter	0.6277	NEUTRO_COUNT	10827	region2	region2
chr10:9032555-9032556	intergenic	0.6781	chr10:9043595-9043596	intergenic	0.6718	EO_COUNT	11038	region124	region124
chr3:128667249-128667250	intergenic	0.9875	chr3:128656155-128656156	intergenic	0.8356	MONO_COUNT	11092	region1002	region1002
chr6:112138882-112138883	intron	0.9187	chr6:112150430-112150431	intron	0.598	WBC_COUNT	11546	region117	region117
chr2:169154841-169154842	intergenic	0.8227	chr2:169143035-169143036	intergenic	0.7915	NEUTRO_COUNT	11804	region21	region21
chr22:50962259-50962260	coding	0.84	chr22:50949811-50949812	intron	0.8061	MEAN_RETIC_VOL	12446	region158	region158
chr9:329343-329344	intron	0.5974	chr9:341829-341830	intron	0.5955	MPV	12484	region123	region123
chr2:46365920-46365921	intron	0.7345	chr2:46353166-46353167	intron	0.5116	HCT	12752	region9	region9
chr16:86016328-86016329	accessible	1	chr16:86002593-86002594	intergenic	0.9716	MONO_COUNT	13733	region171	region171
chr12:39136345-39136346	intron	0.9968	chr12:39122599-39122600	intron	0.8518	WBC_COUNT	13744	region186	region186
chr12:39131953-39131954	accessible	1	chr12:39145737-39145738	intron	0.9999	NEUTRO_COUNT	13782	region136	region136
chr5:1285974-1285975	intron	0.987	chr5:1272074-1272075	intron	0.8122	PLT_COUNT	13898	region69	region69
chr22:50978262-50978263	accessible	0.5085	chr22:50964153-50964154	promoter	0.9227	MCV	14107	region205	region205
chr6:41924998-41924999	accessible	1	chr6:41909521-41909522	coding	0.5259	MCH	15475	region50	region50
chr19:16194504-16194505	accessible	0.5874	chr19:16211630-16211631	promoter	0.5206	PLT_COUNT	17124	region217	region217
chr1:248038210-248038211	intron	0.9619	chr1:248020448-248020449	promoter	0.6887	MPV	17760	region3	region3
chr2:112184714-112184715	intron	0.9414	chr2:112166665-112166666	intron	0.5379	MCH	18047	region16	region16
chr16:218532-218533	accessible	0.5785	chr16:198093-198094	intergenic	0.6153	RETIC_COUNT	20437	region108	region108
chr2:218999982-218999983	coding	0.9668	chr2:219020958-219020959	intergenic	0.998	NEUTRO_COUNT	20974	region1001	region1001
chr2:218999982-218999983	coding	0.9517	chr2:219020958-219020959	intergenic	0.9412	WBC_COUNT	20974	region10	region10
chr16:232396-232397	intergenic	1	chr16:211106-211107	intergenic	0.6542	MCH	21288	region159	region159
chr12:122273784-122273785	intergenic	0.9237	chr12:122295078-122295079	promoter	0.6005	MPV	21292	region1007	region1007
chr12:122332616-122332617	accessible	0.6303	chr12:122311186-122311187	intron	0.6163	PLT_COUNT	21428	region1009	region1009
chr4:77330582-77330583	intergenic	0.9811	chr4:77308619-77308620	intron	0.6955	WBC_COUNT	21961	region45	region45
chr5:76230252-76230253	intergenic	0.9873	chr5:76207954-76207955	intron	0.9664	PLT_COUNT	22296	region1004	region1004
chr7:92408370-92408371	accessible	1	chr7:92385350-92385351	intron	0.6763	BASO_COUNT	23018	region22	region22
chr7:92408370-92408371	accessible	1	chr7:92385350-92385351	intron	0.5055	NEUTRO_COUNT	23018	region93	region93
chr7:92408370-92408371	accessible	1	chr7:92385350-92385351	intron	0.5783	WBC_COUNT	23018	region129	region129
chr1:25653526-25653527	intron	0.9991	chr1:25677605-25677606	intron	0.9315	MEAN_RETIC_VOL	24077	region9	region9
chr6:26017598-26017599	coding	1	chr6:26041986-26041987	promoter	0.517	MCV	24386	region1001	region1001
chr3:56999968-56999969	intron	0.8801	chr3:56975292-56975293	promoter	0.9999	MPV	24674	region1003	region1003
chr11:65354926-65354927	accessible	0.6234	chr11:65380124-65380125	promoter	0.6981	MCH	25196	region137	region137
chr1:205744138-205744139	coding	0.5487	chr1:205718858-205718859	promoter	0.5919	NEUTRO_COUNT	25278	region9	region9
chr1:205744138-205744139	coding	0.8547	chr1:205718634-205718635	promoter	0.7279	WBC_COUNT	25502	region8	region8
chr12:54685880-54685881	accessible	0.9783	chr12:54711574-54711575	accessible	0.6915	MPV	25692	region148	region148
chr9:27489251-27489252	accessible	0.765	chr9:27514962-27514963	accessible	0.5503	WBC_COUNT	25709	region155	region155
chr14:69425467-69425468	accessible	0.9952	chr14:69452088-69452089	intron	0.9989	MPV	26619	region175	region175
chr13:114947535-114947536	intergenic	0.8606	chr13:114920867-114920868	intergenic	0.5454	LYMPH_COUNT	26666	region157	region157
chr12:122273784-122273785	intergenic	0.9237	chr12:122247114-122247115	intron	1	MPV	26668	region1007	region1007
chr6:41925159-41925160	accessible	0.9607	chr6:41952511-41952512	intron	0.5221	RETIC_COUNT	27350	region57	region57
chr20:1791920-1791921	accessible	0.9782	chr20:1819280-1819281	intergenic	0.9881	MPV	27358	region235	region235
chr4:55437492-55437493	accessible	0.8344	chr4:55408875-55408876	accessible	0.5976	MEAN_RETIC_VOL	28615	region33	region33
chr6:41877671-41877672	intron	0.8715	chr6:41906661-41906662	intron	0.7135	MEAN_RETIC_VOL	28988	region42	region42
chr6:26254271-26254272	intergenic	0.9763	chr6:26224661-26224662	promoter	0.6118	MCH	29608	region58	region58
chr12:122325124-122325125	promoter	0.9973	chr12:122295078-122295079	promoter	0.6005	MPV	30044	region1007	region1007
chr19:33754548-33754549	accessible	1	chr19:33784657-33784658	intergenic	0.849	MCH	30107	region179	region179
chr19:33754548-33754549	accessible	1	chr19:33784657-33784658	intergenic	0.8463	MCV	30107	region187	region187
chr17:37484501-37484502	intron	0.9997	chr17:37514837-37514838	intron	0.958	NEUTRO_COUNT	30334	region162	region162
chr17:37484501-37484502	intron	0.9899	chr17:37514837-37514838	intron	0.9461	WBC_COUNT	30334	region215	region215
chr10:91430181-91430182	intergenic	0.5701	chr10:91399732-91399733	intron	0.8087	WBC_COUNT	30447	region169	region169
chr15:62081897-62081898	intergenic	1	chr15:62050458-62050459	intergenic	0.9948	WBC_COUNT	31437	region202	region202
chr19:17252041-17252042	intron	1	chr19:17285753-17285754	intron	0.6799	RETIC_COUNT	33710	region126	region126
chr7:100309180-100309181	intergenic	0.9807	chr7:100275444-100275445	promoter	0.6873	HGB	33734	region68	region68
chr8:41512581-41512582	coding	0.5449	chr8:41549194-41549195	intron	0.5187	MCHC	36611	region40	region40
chr8:130604272-130604273	accessible	0.9707	chr8:130641322-130641323	intergenic	0.5494	MONO_COUNT	37048	region122	region122
chr6:110092900-110092901	accessible	1	chr6:110055703-110055704	intron	1	MCH	37195	region1002	region1002
chr6:110092900-110092901	accessible	1	chr6:110055703-110055704	intron	1	MCV	37195	region97	region97
chr6:33893513-33893514	intergenic	0.5067	chr6:33855709-33855710	promoter	0.5959	PLT_COUNT	37802	region1006	region1006
chr20:48844260-48844261	accessible	0.5637	chr20:48884124-48884125	promoter	0.9931	MONO_COUNT	39862	region196	region196
chr1:101704577-101704578	coding	0.9967	chr1:101744646-101744647	promoter	0.7281	LYMPH_COUNT	40067	region2	region2
chr8:41589736-41589737	intron	0.9997	chr8:41549491-41549492	intron	0.5352	RETIC_COUNT	40243	region75	region75
chr16:198093-198094	intergenic	0.6153	chr16:157592-157593	intron	0.9266	RETIC_COUNT	40499	region108	region108
chr8:41589736-41589737	intron	0.9819	chr8:41549194-41549195	intron	0.5187	MCHC	40540	region40	region40
chr8:41630447-41630448	accessible	1	chr8:41589736-41589737	intron	0.9819	MCHC	40709	region40	region40
chr8:41630447-41630448	accessible	1	chr8:41589736-41589737	intron	0.9999	MEAN_RETIC_VOL	40709	region82	region82
chr8:41630447-41630448	accessible	0.9972	chr8:41589736-41589737	intron	0.9997	RETIC_COUNT	40709	region75	region75
chr16:170076-170077	accessible	1	chr16:211106-211107	intergenic	0.6542	MCH	41028	region159	region159
chr1:158637728-158637729	coding	0.7677	chr1:158596438-158596439	intron	0.5478	MEAN_RETIC_VOL	41288	region1	region1
chr19:1074315-1074316	accessible	0.8922	chr19:1031550-1031551	intron	0.5914	MPV	42763	region228	region228
chr2:36246404-36246405	intergenic	0.9621	chr2:36202697-36202698	intergenic	0.5272	WBC_COUNT	43705	region30	region30
chr12:6493351-6493352	coding	0.9978	chr12:6447522-6447523	intron	0.5207	MONO_COUNT	45827	region147	region147
chr8:23423669-23423670	coding	0.9212	chr8:23377161-23377162	intergenic	0.6047	MCV	46506	region115	region115
chr15:63388806-63388807	intergenic	0.5052	chr15:63341996-63341997	promoter	1	MPV	46808	region183	region183
chr1:171892405-171892406	accessible	0.8543	chr1:171939290-171939291	accessible	0.5405	MPV	46883	region2	region2
chr3:128656155-128656156	intergenic	0.8356	chr3:128607384-128607385	intron	0.6424	MONO_COUNT	48769	region1002	region1002
chr4:133957535-133957536	intergenic	0.9615	chr4:134007525-134007526	intergenic	0.6802	WBC_COUNT	49988	region49	region49
chr1:158586966-158586967	intron	0.9648	chr1:158638260-158638261	intron	0.8976	RETIC_COUNT	51292	region1	region1
chr8:7741101-7741102	intergenic	0.9983	chr8:7689745-7689746	intergenic	0.8848	NEUTRO_COUNT	51354	region105	region105
chr8:7741101-7741102	intergenic	1	chr8:7689745-7689746	intergenic	0.9946	WBC_COUNT	51354	region146	region146
chr6:26254271-26254272	intergenic	0.9763	chr6:26306185-26306186	promoter	0.9722	MCH	51912	region58	region58
chr6:422631-422632	intergenic	0.8048	chr6:475254-475255	intergenic	0.7359	EO_COUNT	52621	region68	region68
chr20:1654074-1654075	intergenic	0.7007	chr20:1600925-1600926	promoter	0.978	MPV	53147	region235	region235
chr5:88125853-88125854	accessible	0.5129	chr5:88070153-88070154	intron	0.6077	MCH	55698	region47	region47
chr9:329343-329344	intron	0.5974	chr9:273160-273161	promoter	0.8003	MPV	56181	region123	region123
chr3:46354839-46354840	intergenic	0.9021	chr3:46411542-46411543	promoter	0.9182	MONO_COUNT	56701	region29	region29
chr19:41147134-41147135	intergenic	0.6364	chr19:41204070-41204071	intron	0.6527	HCT	56934	region104	region104
chr2:46293826-46293827	accessible	0.9566	chr2:46353166-46353167	intron	0.5116	HCT	59338	region9	region9
chr2:46293826-46293827	accessible	0.9907	chr2:46353166-46353167	intron	0.7056	HGB	59338	region10	region10
chr16:89043454-89043455	coding	0.6591	chr16:89105007-89105008	intergenic	0.5403	MCH	61551	region161	region161
chr16:170076-170077	accessible	1	chr16:232396-232397	intergenic	1	MCV	62318	region167	region167
chr16:170076-170077	accessible	1	chr16:232396-232397	intergenic	1	RBC_COUNT	62318	region99	region99
chr4:77308619-77308620	intron	0.6955	chr4:77245904-77245905	promoter	0.6388	WBC_COUNT	62713	region45	region45
chr17:37579383-37579384	intron	1	chr17:37514837-37514838	intron	0.958	NEUTRO_COUNT	64544	region162	region162
chr17:37579383-37579384	intron	0.9999	chr17:37514837-37514838	intron	0.9461	WBC_COUNT	64544	region215	region215
chr12:122332616-122332617	accessible	0.6303	chr12:122399173-122399174	intron	0.7144	PLT_COUNT	66555	region1009	region1009
chr16:88856084-88856085	accessible	0.8747	chr16:88788934-88788935	intron	0.9881	MCHC	67148	region52	region52
chr2:46293826-46293827	accessible	0.9907	chr2:46225778-46225779	intron	0.7498	HGB	68046	region10	region10
chr7:50370254-50370255	accessible	1	chr7:50439415-50439416	accessible	0.5305	MONO_COUNT	69159	region119	region119
chr13:28604007-28604008	intron	0.9989	chr13:28674797-28674798	promoter	0.752	WBC_COUNT	70788	region193	region193
chr2:183478362-183478363	intergenic	0.6668	chr2:183407323-183407324	intergenic	0.6594	WBC_COUNT	71037	region22	region22
chr14:55412869-55412870	intron	0.968	chr14:55484210-55484211	intron	0.795	WBC_COUNT	71339	region198	region198
chr2:46293826-46293827	accessible	0.6904	chr2:46365920-46365921	intron	0.8991	RBC_COUNT	72092	region10	region10
chr8:22530061-22530062	intergenic	0.9156	chr8:22457804-22457805	promoter	0.7779	WBC_COUNT	72255	region145	region145
chr9:33971740-33971741	coding	0.8259	chr9:33895439-33895440	intron	0.8351	NEUTRO_COUNT	76299	region109	region109
chr9:33971740-33971741	coding	0.6623	chr9:33895439-33895440	intron	0.8052	WBC_COUNT	76299	region154	region154
chr9:4763491-4763492	accessible	1	chr9:4840380-4840381	promoter	0.599	PLT_COUNT	76887	region130	region130
chr8:41512581-41512582	coding	0.9952	chr8:41589736-41589737	intron	0.9999	MEAN_RETIC_VOL	77153	region82	region82
chr14:103498674-103498675	accessible	0.7072	chr14:103576444-103576445	coding	0.5019	MPV	77768	region174	region174
chr5:88259272-88259273	intron	0.5566	chr5:88180196-88180197	promoter	1	PLT_COUNT	79074	region66	region66
chr9:33882692-33882693	intron	0.7794	chr9:33962203-33962204	intron	0.7738	MONO_COUNT	79509	region131	region131
chr19:55184549-55184550	intergenic	0.7479	chr19:55103797-55103798	promoter	0.9768	NEUTRO_COUNT	80750	region174	region174
chr14:65350074-65350075	intergenic	0.6008	chr14:65267469-65267470	intron	0.7409	MEAN_RETIC_VOL	82603	region119	region119
chr2:112167931-112167932	intron	0.9995	chr2:112250758-112250759	promoter	0.6261	RBC_COUNT	82825	region11	region11
chr6:29814513-29814514	intergenic	1	chr6:29905437-29905438	intergenic	0.5912	LYMPH_COUNT	90922	region80	region80
chr5:131864035-131864036	accessible	0.6795	chr5:131770805-131770806	accessible	0.5975	EO_COUNT	93228	region44	region44
chr7:50370254-50370255	accessible	1	chr7:50274215-50274216	intergenic	0.5535	MONO_COUNT	96037	region119	region119
chr8:2954981-2954982	accessible	0.5968	chr8:3052411-3052412	intron	0.5374	WBC_COUNT	97428	region151	region151
chr6:108596310-108596311	intergenic	1	chr6:108694389-108694390	intron	0.5932	WBC_COUNT	98077	region96	region96
chr6:26017598-26017599	coding	1	chr6:25918225-25918226	intron	1	MCV	99371	region1001	region1001
chr3:56849749-56849750	accessible	1	chr3:56950055-56950056	promoter	0.9997	MPV	100304	region40	region40
chr3:56849749-56849750	accessible	1	chr3:56950055-56950056	promoter	0.9811	PLT_COUNT	100304	region36	region36
chr6:27818093-27818094	intergenic	0.9954	chr6:27924371-27924372	promoter	0.7744	WBC_COUNT	106276	region91	region91
chr9:33992591-33992592	intron	0.9989	chr9:33882692-33882693	intron	0.7791	LYMPH_COUNT	109897	region129	region129
chr17:17887677-17887678	intron	0.9714	chr17:17997922-17997923	intron	0.9654	NEUTRO_COUNT	110243	region168	region168
chr17:17997922-17997923	intron	0.9996	chr17:17887677-17887678	intron	0.7324	WBC_COUNT	110243	region221	region221
chr17:37484501-37484502	intron	0.9997	chr17:37372773-37372774	intron	0.9653	NEUTRO_COUNT	111726	region162	region162
chr17:37484501-37484502	intron	0.9899	chr17:37372773-37372774	intron	0.9819	WBC_COUNT	111726	region215	region215
chr5:102476646-102476647	intron	0.6532	chr5:102361323-102361324	intron	0.604	WBC_COUNT	115321	region55	region55
chr13:114920867-114920868	intergenic	0.5454	chr13:114801846-114801847	promoter	0.5819	LYMPH_COUNT	119019	region157	region157
chr10:11772876-11772877	accessible	0.7292	chr10:11904988-11904989	intron	0.6213	MPV	132110	region131	region131
chr17:43894111-43894112	intron	0.8805	chr17:43756506-43756507	intron	0.8159	WBC_COUNT	137603	region217	region217
chr10:15432243-15432244	intergenic	0.9846	chr10:15571274-15571275	intron	0.8754	WBC_COUNT	139029	region168	region168
chr5:137157840-137157841	accessible	0.6235	chr5:137298741-137298742	intron	0.5844	WBC_COUNT	140899	region53	region53
chr17:63838685-63838686	intron	1	chr17:63983803-63983804	intron	0.743	WBC_COUNT	145116	region218	region218
chr19:54957229-54957230	intergenic	0.7402	chr19:55103797-55103798	promoter	0.7825	MONO_COUNT	146566	region190	region190
chr7:100234308-100234309	intron	0.5046	chr7:100083971-100083972	promoter	0.9994	HCT	150335	region1004	region1004
chr9:33730117-33730118	intergenic	0.9225	chr9:33882692-33882693	intron	0.5555	BASO_COUNT	152573	region28	region28
chr9:33730117-33730118	intergenic	0.8674	chr9:33882692-33882693	intron	0.7794	MONO_COUNT	152573	region131	region131
chr19:41306650-41306651	coding	0.5093	chr19:41147697-41147698	intergenic	0.6076	HGB	158951	region112	region112
chr4:15743240-15743241	intergenic	0.7609	chr4:15582642-15582643	intron	0.9998	NEUTRO_COUNT	160596	region38	region38
chr4:15743240-15743241	intergenic	0.7557	chr4:15582642-15582643	intron	0.9996	WBC_COUNT	160596	region46	region46
chr14:74042978-74042979	intergenic	1	chr14:74204476-74204477	intron	0.7521	MCV	161496	region157	region157
chr9:33730117-33730118	intergenic	0.9656	chr9:33895439-33895440	intron	0.8351	NEUTRO_COUNT	165320	region109	region109
chr9:33730117-33730118	intergenic	0.9964	chr9:33895439-33895440	intron	0.8052	WBC_COUNT	165320	region154	region154
chr7:100414147-100414148	intron	0.8586	chr7:100239422-100239423	promoter	0.5518	MCH	174723	region99	region99
chr14:74042978-74042979	intergenic	1	chr14:74218569-74218570	intron	0.5262	RETIC_COUNT	175589	region100	region100
chr4:38314170-38314171	intergenic	0.9973	chr4:38137353-38137354	intron	0.5286	LYMPH_COUNT	176815	region43	region43
chr12:6128443-6128444	coding	0.6956	chr12:6308546-6308547	promoter	0.6526	MPV	180101	region147	region147
chr5:1104938-1104939	accessible	0.5121	chr5:1285974-1285975	intron	0.8577	RBC_COUNT	181034	region31	region31
chr5:1104938-1104939	accessible	0.6867	chr5:1287194-1287195	intron	0.9993	MCH	182254	region44	region44
chr5:1104938-1104939	accessible	0.9775	chr5:1287194-1287195	intron	0.9828	MCV	182254	region46	region46
chr5:1104938-1104939	accessible	0.9743	chr5:1287194-1287195	intron	0.8723	MPV	182254	region70	region70
chr5:1102706-1102707	accessible	0.5484	chr5:1285974-1285975	intron	0.5407	MEAN_RETIC_VOL	183266	region37	region37
chr4:91008657-91008658	intergenic	0.6602	chr4:90816799-90816800	promoter	0.9906	BASO_COUNT	191856	region12	region12
chr2:135839805-135839806	intron	0.7701	chr2:136034836-136034837	intron	0.6158	NEUTRO_COUNT	195029	region14	region14
chr2:135839805-135839806	intron	0.8703	chr2:136034836-136034837	intron	0.5704	WBC_COUNT	195029	region11	region11
chr9:27514962-27514963	accessible	0.5503	chr9:27714733-27714734	intergenic	1	WBC_COUNT	199769	region155	region155
chr9:33992591-33992592	intron	0.9989	chr9:34195572-34195573	intron	0.9662	LYMPH_COUNT	202979	region129	region129
chr1:158384566-158384567	intergenic	0.714	chr1:158596438-158596439	intron	0.5478	MEAN_RETIC_VOL	211870	region1	region1
chr14:69425467-69425468	accessible	0.9952	chr14:69212885-69212886	intergenic	0.6738	MPV	212580	region175	region175
chr16:88782050-88782051	coding	0.6269	chr16:88567333-88567334	intron	0.6957	RETIC_COUNT	214715	region110	region110
chr9:33971740-33971741	coding	0.6623	chr9:34195572-34195573	intron	0.8654	WBC_COUNT	223830	region154	region154
chr7:10525462-10525463	intergenic	0.7193	chr7:10752679-10752680	intergenic	0.7003	WBC_COUNT	227215	region133	region133
chr7:100314474-100314475	intergenic	1	chr7:100083971-100083972	promoter	0.7289	RBC_COUNT	230501	region54	region54
chr21:37834258-37834259	promoter	0.9276	chr21:38071988-38071989	promoter	0.5809	RBC_COUNT	237728	region143	region143
chr13:28842950-28842951	accessible	0.5576	chr13:28604007-28604008	intron	1	MONO_COUNT	238941	region157	region157
chr11:85799045-85799046	intergenic	0.9375	chr11:85549648-85549649	intergenic	0.8648	WBC_COUNT	249395	region177	region177
chr17:44150163-44150164	intron	0.9999	chr17:43894111-43894112	intron	0.8805	WBC_COUNT	256050	region217	region217
chr14:23326912-23326913	intergenic	0.5387	chr14:23587046-23587047	promoter	0.9999	EO_COUNT	260132	region149	region149
chr4:90555372-90555373	intergenic	1	chr4:90816799-90816800	promoter	1	NEUTRO_COUNT	261425	region36	region36
chr4:90555372-90555373	intergenic	1	chr4:90816799-90816800	promoter	1	WBC_COUNT	261425	region43	region43
chr19:18148982-18148983	intergenic	0.8951	chr19:18413061-18413062	intergenic	0.5872	MEAN_RETIC_VOL	264077	region150	region150
chr2:204737635-204737636	coding	0.801	chr2:205004024-205004025	intergenic	0.9361	WBC_COUNT	266387	region12	region12
chr19:55451083-55451084	coding	0.8717	chr19:55184549-55184550	intergenic	0.7479	NEUTRO_COUNT	266532	region174	region174
chr6:34183057-34183058	intergenic	0.9661	chr6:33893513-33893514	intergenic	0.5067	PLT_COUNT	289542	region1006	region1006
chr1:158295347-158295348	intergenic	0.8858	chr1:158586966-158586967	intron	0.9648	RETIC_COUNT	291617	region1	region1
chr3:124631855-124631856	intron	0.5631	chr3:124337402-124337403	intron	0.5161	MPV	294451	region41	region41
chr2:205004024-205004025	intergenic	0.9078	chr2:204693871-204693872	intergenic	0.8442	NEUTRO_COUNT	310151	region17	region17
chr19:18430381-18430382	accessible	0.5801	chr19:18116144-18116145	intron	0.9892	MONO_COUNT	314235	region193	region193
chr5:154027482-154027483	accessible	0.9318	chr5:154346259-154346260	coding	0.9715	MCH	318775	region43	region43
chr6:44030011-44030012	intergenic	1	chr6:43697660-43697661	intergenic	0.6043	HCT	332349	region30	region30
chr4:76912247-76912248	promoter	0.9847	chr4:77245904-77245905	promoter	0.6388	WBC_COUNT	333655	region45	region45
chr4:76912247-76912248	promoter	0.9965	chr4:77246637-77246638	promoter	0.7043	NEUTRO_COUNT	334388	region39	region39
chr12:41163938-41163939	intron	1	chr12:40821478-40821479	intron	0.5737	NEUTRO_COUNT	342458	region135	region135
chr19:55451083-55451084	coding	0.9146	chr19:55103797-55103798	promoter	0.9853	WBC_COUNT	347284	region226	region226
chr17:47857324-47857325	accessible	0.7012	chr17:47487851-47487852	intron	0.8286	MEAN_RETIC_VOL	369471	region138	region138
chr2:112184714-112184715	intron	0.9281	chr2:111811665-111811666	intron	0.5326	MCV	373047	region18	region18
chr17:44150163-44150164	intron	0.9987	chr17:43756506-43756507	intron	0.7897	NEUTRO_COUNT	393655	region164	region164
chr7:92682359-92682360	intergenic	0.7044	chr7:92273578-92273579	intron	0.5421	MCH	408779	region105	region105
chr7:92682609-92682610	accessible	0.7889	chr7:92273578-92273579	intron	0.7082	MCV	409029	region106	region106
chr12:41163938-41163939	intron	1	chr12:40754308-40754309	intron	0.5806	WBC_COUNT	409628	region184	region184
chr14:55894478-55894479	intron	0.8093	chr14:55484210-55484211	intron	0.795	WBC_COUNT	410266	region198	region198
chr12:41163938-41163939	intron	1	chr12:41597408-41597409	intron	0.9873	NEUTRO_COUNT	433468	region135	region135
chr12:41163938-41163939	intron	1	chr12:41597408-41597409	intron	1	WBC_COUNT	433468	region184	region184
chr3:29785085-29785086	intron	0.9385	chr3:29346461-29346462	intron	0.9329	WBC_COUNT	438622	region33	region33
chr7:28277107-28277108	intron	1	chr7:28724374-28724375	promoter	1	NEUTRO_COUNT	447265	region92	region92
chr7:28277107-28277108	intron	1	chr7:28724374-28724375	promoter	1	WBC_COUNT	447265	region130	region130
chr12:112576832-112576833	intron	0.7296	chr12:112088447-112088448	intron	0.6732	PLT_COUNT	488383	region158	region158
chr17:44269836-44269837	coding	0.5479	chr17:43756506-43756507	intron	0.9139	LYMPH_COUNT	513328	region1004	region1004
chr7:50814101-50814102	intron	0.8503	chr7:50182623-50182624	intron	0.7656	WBC_COUNT	631476	region1004	region1004
chr6:45789704-45789705	intergenic	0.8936	chr6:46441893-46441894	intron	0.9992	WBC_COUNT	652187	region106	region106
chr9:4746363-4746364	accessible	0.5869	chr9:4068861-4068862	intron	0.6987	RBC_COUNT	677500	region67	region67
chr19:33754491-33754492	accessible	0.847	chr19:33070644-33070645	promoter	0.6746	MEAN_RETIC_VOL	683845	region146	region146
chr19:10686769-10686770	intron	0.6069	chr19:11374791-11374792	promoter	0.8363	PLT_COUNT	688020	region223	region223
chr20:58298785-58298786	accessible	0.7356	chr20:57597971-57597972	coding	0.7616	MPV	700812	region236	region236
chr4:14847678-14847679	intergenic	0.5992	chr4:15582642-15582643	intron	0.9998	NEUTRO_COUNT	734962	region38	region38
chr4:14847678-14847679	intergenic	0.8339	chr4:15582642-15582643	intron	0.9996	WBC_COUNT	734962	region46	region46
chr12:48409054-48409055	intergenic	0.5062	chr12:49165100-49165101	promoter	0.7713	HGB	756044	region86	region86
chr6:27067657-27067658	intergenic	0.8464	chr6:26306185-26306186	promoter	0.9722	MCH	761470	region58	region58
chr14:64703593-64703594	intron	0.8131	chr14:65487694-65487695	intron	0.6776	RBC_COUNT	784099	region92	region92
chr6:26261527-26261528	accessible	0.6488	chr6:27067657-27067658	intergenic	0.8735	MCV	806128	region62	region62
chr8:145097720-145097721	intron	0.5582	chr8:145912275-145912276	promoter	1	EO_COUNT	814553	region113	region113
chr7:52032351-52032352	intergenic	0.9999	chr7:52858004-52858005	intergenic	0.6623	WBC_COUNT	825651	region132	region132
chr2:157784791-157784792	intergenic	0.9993	chr2:156926364-156926365	intergenic	0.9903	WBC_COUNT	858425	region20	region20
chr19:18148982-18148983	intergenic	0.8951	chr19:17252041-17252042	intron	0.9862	MEAN_RETIC_VOL	896939	region150	region150
chr9:16992463-16992464	intergenic	0.8312	chr9:17895621-17895622	intergenic	0.8286	WBC_COUNT	903156	region158	region158
chr11:109697903-109697904	intergenic	0.9988	chr11:110629547-110629548	intergenic	0.5247	WBC_COUNT	931642	region179	region179
chr1:205744138-205744139	coding	0.8397	chr1:206687263-206687264	intron	0.6897	LYMPH_COUNT	943123	region6	region6
chr2:32021240-32021241	intergenic	0.5295	chr2:32975257-32975258	intron	0.8811	NEUTRO_COUNT	954015	region23	region23
chr19:16197421-16197422	accessible	0.9222	chr19:17202746-17202747	accessible	0.5367	MPV	1005323	region226	region226
chr2:60718347-60718348	accessible	0.915	chr2:61730787-61730788	intron	0.7566	MCV	1012438	region19	region19
chr19:17252974-17252975	intron	0.5485	chr19:16211630-16211631	promoter	0.5206	PLT_COUNT	1041342	region217	region217
chr3:24077982-24077983	intergenic	0.9754	chr3:25121837-25121838	intergenic	0.9335	WBC_COUNT	1043853	region39	region39
chr5:150567017-150567018	coding	0.8054	chr5:149499672-149499673	coding	0.5427	MONO_COUNT	1067343	region43	region43
chr2:220187963-220187964	accessible	0.9996	chr2:219020958-219020959	intergenic	0.998	NEUTRO_COUNT	1167003	region1001	region1001
chr13:98169258-98169259	intergenic	1	chr13:99343161-99343162	intron	0.9508	WBC_COUNT	1173901	region192	region192
chr6:136600949-136600950	coding	0.9756	chr6:135421067-135421068	intergenic	0.5158	WBC_COUNT	1179880	region95	region95
chr7:52032351-52032352	intergenic	0.5209	chr7:50814101-50814102	intron	0.8831	LYMPH_COUNT	1218248	region119	region119
chr16:87886490-87886491	accessible	0.6157	chr16:89105007-89105008	intergenic	0.796	MCV	1218515	region168	region168
chr1:159892088-159892089	promoter	0.9088	chr1:161186303-161186304	promoter	0.5891	MPV	1294213	region8	region8
chr6:118002367-118002368	accessible	0.7836	chr6:119361003-119361004	accessible	0.5966	NEUTRO_COUNT	1358634	region1003	region1003
chr6:119361003-119361004	accessible	0.9992	chr6:118002367-118002368	accessible	0.9587	WBC_COUNT	1358634	region118	region118
chr17:42330171-42330172	accessible	0.712	chr17:43717131-43717132	promoter	0.7381	RETIC_COUNT	1386958	region1004	region1004
chr1:27046982-27046983	accessible	0.5671	chr1:25653526-25653527	intron	1	MONO_COUNT	1393454	region2	region2
chr20:56020599-56020600	intergenic	0.5486	chr20:57424868-57424869	promoter	0.604	MPV	1404267	region1011	region1011
chr6:29275298-29275299	coding	0.9148	chr6:27818093-27818094	intergenic	0.9082	NEUTRO_COUNT	1457203	region80	region80
chr5:67084776-67084777	intergenic	0.9859	chr5:68558495-68558496	intron	0.8876	WBC_COUNT	1473717	region59	region59
chr20:45944659-45944660	accessible	1	chr20:44461845-44461846	promoter	0.5997	MPV	1482812	region237	region237
chr15:64832036-64832037	intron	0.5032	chr15:63341996-63341997	promoter	0.9838	PLT_COUNT	1490038	region188	region188
chr3:124327394-124327395	accessible	0.8306	chr3:122833003-122833004	accessible	0.5464	PLT_COUNT	1494389	region40	region40
chr3:50352458-50352459	intergenic	1	chr3:51884072-51884073	intergenic	0.5075	RETIC_COUNT	1531612	region1001	region1001
chr7:52858004-52858005	intergenic	0.9994	chr7:54668408-54668409	intergenic	0.547	NEUTRO_COUNT	1810402	region1005	region1005
