Var1	rsID1	Class1	PP1	Var2	rsID2	Class2	PP2	trait	distance
chr6:26091185	rs1800730	coding	0.8628	chr6:26091179	rs1799945	coding	0.6615	HGB	4
chr12:57023274	rs73113820	promoter	0.6205	chr12:57023284	rs941207	promoter	0.607	MPV	8
chr9:130628524	rs67145503	intergenic	0.7021	chr9:130628500	rs72752884	intergenic	0.6981	HGB	22
chr15:50784990	rs146125856	coding	0.8925	chr15:50785016	rs148783236	coding	0.7817	NEUTRO_COUNT	24
chr15:50784990	rs146125856	coding	1	chr15:50785016	rs148783236	coding	0.9827	WBC_COUNT	24
chr7:92408370	rs445	accessible	0.9998	chr7:92408329	rs8	accessible	0.9988	EO_COUNT	39
chr19:33754548	rs78744187	accessible	1	chr19:33754491	rs573763403	accessible	0.847	MEAN_RETIC_VOL	55
chr9:135864436	rs60757417	accessible	0.9979	chr9:135864513	rs150813342	coding	1	MPV	75
chr9:135864436	rs60757417	accessible	0.9722	chr9:135864513	rs150813342	coding	1	PLT_COUNT	75
chr9:4763368	rs409950	accessible	1	chr9:4763491	rs12005199	accessible	1	PLT_COUNT	121
chr1:159175494	rs34599082	coding	1	chr1:159175354	rs12075	coding	0.8002	NEUTRO_COUNT	138
chr6:41924998	rs112233623	accessible	1	chr6:41925159	rs9349205	accessible	0.9349	MCH	159
chr6:41924998	rs112233623	accessible	1	chr6:41925159	rs9349205	accessible	0.9987	MCV	159
chr6:41924998	rs112233623	accessible	1	chr6:41925159	rs9349205	accessible	0.9971	MEAN_RETIC_VOL	159
chr6:41924998	rs112233623	accessible	0.9999	chr6:41925159	rs9349205	accessible	0.9439	RBC_COUNT	159
chr1:159175354	rs12075	coding	0.9696	chr1:159175527	rs13962	coding	0.9631	MONO_COUNT	171
chr14:74042978	rs61987142	intergenic	1	chr14:74043168	rs61987143	intergenic	0.9354	LYMPH_COUNT	188
chr14:74042978	rs61987142	intergenic	1	chr14:74043168	rs61987143	intergenic	0.9535	WBC_COUNT	188
chr3:124327394	rs73191660	accessible	0.751	chr3:124327131	rs13063610	accessible	0.5751	MPV	261
chr20:57597971	rs415064	coding	0.7616	chr20:57597645	rs6070696	intron	0.7082	MPV	324
chr8:41630447	rs4737010	accessible	1	chr8:41630932	rs3886945	intron	0.9416	MEAN_RETIC_VOL	483
chr19:6802571	rs8106212	accessible	0.9942	chr19:6801966	rs332426	accessible	0.6175	MPV	603
chr9:130629139	rs913987	coding	0.9948	chr9:130628524	rs67145503	intergenic	0.7021	HGB	613
chr1:159175354	rs12075	coding	0.8002	chr1:159174683	rs2814778	coding	0.5224	NEUTRO_COUNT	669
chr20:57598808	rs41303899	coding	1	chr20:57597971	rs415064	coding	0.7616	MPV	835
chr20:57598808	rs41303899	coding	0.9999	chr20:57597970	rs463312	coding	0.5941	PLT_COUNT	836
chr3:184090242	rs78565404	coding	1	chr3:184091102	rs572476245	promoter	1	PLT_COUNT	858
chr12:122031738	NA	intergenic	1	chr12:122030712	rs146337807	intergenic	0.9993	MPV	1024
chr9:130629139	rs913987	coding	0.9948	chr9:130630233	rs4226	coding	0.9842	HGB	1092
chr5:102476646	rs113075753	intron	0.8227	chr5:102477915	rs32843	intron	0.5757	LYMPH_COUNT	1267
chr5:102477915	rs32843	intron	0.916	chr5:102476646	rs113075753	intron	0.6532	WBC_COUNT	1267
chr1:101704577	rs41287280	coding	0.9967	chr1:101703249	rs1411017	promoter	0.5465	LYMPH_COUNT	1326
chr16:19271767	rs7186394	intron	0.9988	chr16:19273328	rs74930371	intron	0.8072	WBC_COUNT	1559
chr17:4835627	rs56337033	coding	0.9693	chr17:4837195	rs553749201	coding	0.6955	MPV	1566
chr2:192696255	rs7585866	accessible	1	chr2:192697988	rs35896030	intergenic	0.7024	MPV	1731
chr3:124327394	rs73191660	accessible	0.8306	chr3:124329161	rs34151455	intron	0.607	PLT_COUNT	1765
chr3:184091102	rs572476245	promoter	1	chr3:184093040	rs34623301	promoter	0.9947	PLT_COUNT	1936
chr5:52133266	rs2432144	intron	0.999	chr5:52131315	rs2432143	intron	0.6738	RETIC_COUNT	1949
chr14:23587046	rs147453535	promoter	0.9999	chr14:23589057	rs2239633	promoter	0.9955	EO_COUNT	2009
chr9:27487221	rs7041409	accessible	0.9959	chr9:27489251	rs868856	accessible	0.765	WBC_COUNT	2028
chr19:33754548	rs78744187	accessible	1	chr19:33756610	rs74257369	accessible	0.8603	RBC_COUNT	2060
chr8:22454826	rs3735894	coding	0.7483	chr8:22457388	rs2272718	promoter	0.8652	LYMPH_COUNT	2560
chr6:139841653	rs607203	accessible	0.55	chr6:139844429	rs590856	intergenic	0.5314	MCH	2774
chr6:139841653	rs607203	accessible	0.5927	chr6:139844429	rs590856	intergenic	0.6524	MCV	2774
chr6:41909521	NA	coding	0.9714	chr6:41906661	rs3218092	intron	0.8636	MCV	2858
chr6:41909521	NA	coding	0.9979	chr6:41906661	rs3218092	intron	0.7135	MEAN_RETIC_VOL	2858
chr6:41903798	rs33966734	coding	0.8703	chr6:41906661	rs3218092	intron	0.8636	MCV	2861
chr20:55988358	rs2865376	intron	0.8	chr20:55991637	rs6014993	intron	0.7677	MEAN_RETIC_VOL	3277
chr7:100235970	rs7385804	intron	0.5573	chr7:100239422	rs531909210	promoter	0.5518	MCH	3450
chr8:130919581	rs190161317	intron	0.6107	chr8:130916092	rs149741184	intron	0.5754	WBC_COUNT	3487
chr5:75960968	rs34968964	coding	1	chr5:75964507	rs34950321	coding	1	MPV	3537
chr10:97057370	rs75522380	accessible	0.742	chr10:97053775	rs1328599	intergenic	0.9982	MPV	3593
chr4:133957535	rs55713669	intergenic	0.9615	chr4:133953630	rs28510556	intergenic	0.9589	WBC_COUNT	3903
chr19:33754548	rs78744187	accessible	1	chr19:33750393	rs7255661	accessible	0.8942	MCH	4153
chr19:33754548	rs78744187	accessible	1	chr19:33750393	rs7255661	accessible	0.8061	MCV	4153
chr8:22453223	rs11785755	coding	0.6099	chr8:22457804	rs746011	promoter	0.7779	WBC_COUNT	4579
chr3:128311067	rs9289330	accessible	0.5212	chr3:128315725	rs2335235	intergenic	0.8201	EO_COUNT	4656
chr12:133047979	rs34980052	accessible	0.809	chr12:133052762	rs7309368	intergenic	0.5957	MCV	4781
chr12:122054658	rs148400202	intergenic	1	chr12:122059753	rs10770185	intergenic	1	MPV	5093
chr18:40678235	rs4130047	intron	0.9686	chr18:40672964	rs4588066	intron	0.5099	WBC_COUNT	5269
chr7:100314474	rs149823406	intergenic	0.9947	chr7:100309180	rs143593369	intergenic	0.9807	HGB	5292
chr9:130622946	rs4837197	intergenic	0.9887	chr9:130628500	rs72752884	intergenic	0.6981	HGB	5552
chr1:203281175	rs17534202	accessible	1	chr1:203275407	rs17534048	promoter	0.9936	MEAN_RETIC_VOL	5766
chr6:26098474	rs79220007	promoter	0.9993	chr6:26104632	rs198851	promoter	0.5759	MCH	6156
chr6:26098474	rs79220007	promoter	0.8696	chr6:26104632	rs198851	promoter	0.5199	MCHC	6156
chr6:26098474	rs79220007	promoter	0.9929	chr6:26104632	rs198851	promoter	0.5575	MCV	6156
chr13:114012898	rs7317038	intron	0.5846	chr13:114019164	rs78290674	promoter	0.5118	MPV	6264
chr19:906510	rs111932385	accessible	0.5706	chr19:913048	rs780381925	promoter	1	RETIC_COUNT	6536
chr22:17586757	rs140221307	coding	1	chr22:17580117	rs953313158	intron	1	MONO_COUNT	6638
chr9:135857646	rs117868203	accessible	0.5916	chr9:135864513	rs150813342	coding	1	EO_COUNT	6865
chr17:4542349	rs113604586	coding	0.6999	chr17:4535314	rs34210653	coding	0.5327	EO_COUNT	7033
chr3:56999968	rs114939697	intron	0.8801	chr3:57007130	rs145737471	intron	0.7492	MPV	7160
chr6:26261527	rs76858924	accessible	0.6488	chr6:26254271	rs806785	intergenic	0.7978	MCV	7254
chr6:26091185	rs1800730	coding	0.8628	chr6:26098474	rs79220007	promoter	0.5638	HGB	7287
chr1:247719769	rs56043070	intron	0.5195	chr1:247712303	rs41315846	promoter	1	MPV	7464
chr2:60710615	rs45473195	accessible	0.7659	chr2:60718347	rs7599488	accessible	0.5696	MCH	7730
chr2:60718347	rs7599488	accessible	0.915	chr2:60710615	rs45473195	accessible	0.7264	MCV	7730
chr2:60710615	rs45473195	accessible	0.7438	chr2:60718347	rs7599488	accessible	0.6156	MEAN_RETIC_VOL	7730
chr6:66902986	rs208445	intergenic	0.9679	chr6:66911055	rs208459	intergenic	0.8651	WBC_COUNT	8067
chr3:56967082	rs41320253	intron	0.8843	chr3:56975292	rs4681936	promoter	1	PLT_COUNT	8208
chr22:37462936	rs855791	coding	1	chr22:37471208	rs117576908	coding	0.9823	MCV	8270
chr12:40545410	rs17458836	accessible	0.6255	chr12:40554056	rs7305994	intergenic	0.6617	WBC_COUNT	8644
chr6:108596310	rs375658476	intergenic	0.9996	chr6:108587496	rs187722434	intergenic	0.9436	NEUTRO_COUNT	8812
chr6:108596310	rs375658476	intergenic	1	chr6:108587496	rs187722434	intergenic	0.9862	WBC_COUNT	8812
chr12:122031738	NA	intergenic	1	chr12:122040849	rs12815784	intergenic	1	MPV	9109
chr19:906510	rs111932385	accessible	0.5706	chr19:897215	rs2930883	coding	0.5651	RETIC_COUNT	9293
chr3:133467377	rs8177318	coding	0.9783	chr3:133476769	rs150854910	coding	0.9166	MCH	9390
chr12:39145737	rs11169387	intron	1	chr12:39136345	rs7978885	intron	0.9968	WBC_COUNT	9390
chr1:156878473	rs77795865	coding	0.9995	chr1:156869047	rs12566888	intron	0.5917	MPV	9424
chr4:145026126	rs11735662	accessible	0.9998	chr4:145035851	rs149908820	coding	0.8595	MEAN_RETIC_VOL	9723
chr2:136643555	rs309125	intergenic	0.8994	chr2:136633771	rs191079	promoter	0.6294	WBC_COUNT	9782
chr16:85946494	rs11863590	accessible	0.7611	chr16:85936389	rs505577	promoter	1	MONO_COUNT	10103
chr1:247722588	rs74227709	intron	0.5966	chr1:247712303	rs41315846	promoter	1	PLT_COUNT	10283
chr5:52120862	rs148485762	intron	0.9984	chr5:52131315	rs2432143	intron	0.6738	RETIC_COUNT	10451
chr1:36937059	rs3917981	coding	0.6549	chr1:36947888	rs3917914	promoter	0.6277	NEUTRO_COUNT	10827
chr10:9032555	rs72782676	intergenic	0.6781	chr10:9043595	rs375913359	intergenic	0.6718	EO_COUNT	11038
chr3:128667249	rs112361637	intergenic	0.9875	chr3:128656155	rs1023423470	intergenic	0.8356	MONO_COUNT	11092
chr6:112138882	rs2182644	intron	0.9187	chr6:112150430	rs61397446	intron	0.598	WBC_COUNT	11546
chr2:169154841	rs13033661	intergenic	0.8227	chr2:169143035	rs9917256	intergenic	0.7915	NEUTRO_COUNT	11804
chr22:50962259	rs131811	coding	0.84	chr22:50949811	rs543594419	intron	0.8061	MEAN_RETIC_VOL	12446
chr9:329343	NA	intron	0.5974	chr9:341829	rs7869524	intron	0.5955	MPV	12484
chr2:46365920	rs12992366	intron	0.7345	chr2:46353166	rs10495928	intron	0.5116	HCT	12752
chr16:86016328	rs11642657	accessible	1	chr16:86002593	NA	intergenic	0.9716	MONO_COUNT	13733
chr12:39136345	rs7978885	intron	0.9968	chr12:39122599	rs826874	intron	0.8518	WBC_COUNT	13744
chr12:39131953	rs1486346	accessible	1	chr12:39145737	rs11169387	intron	0.9999	NEUTRO_COUNT	13782
chr5:1285974	rs7705526	intron	0.987	chr5:1272074	rs138895564	intron	0.8122	PLT_COUNT	13898
chr22:50978262	rs5770871	accessible	0.5085	chr22:50964153	rs131805	promoter	0.9227	MCV	14107
chr6:41924998	rs112233623	accessible	1	chr6:41909521	NA	coding	0.5259	MCH	15475
chr19:16194504	rs17708984	accessible	0.5874	chr19:16211630	rs59508494	promoter	0.5206	PLT_COUNT	17124
chr1:248038210	rs35340377	intron	0.9619	chr1:248020448	rs10749636	promoter	0.6887	MPV	17760
chr2:112184714	rs12185734	intron	0.9414	chr2:112166665	rs113352362	intron	0.5379	MCH	18047
chr16:218532	rs1203833	accessible	0.5785	chr16:198093	rs2909028	intergenic	0.6153	RETIC_COUNT	20437
chr2:218999982	NA	coding	0.9668	chr2:219020958	rs114050631	intergenic	0.998	NEUTRO_COUNT	20974
chr2:218999982	NA	coding	0.9517	chr2:219020958	rs114050631	intergenic	0.9412	WBC_COUNT	20974
chr16:232396	NA	intergenic	1	chr16:211106	rs71391117	intergenic	0.6542	MCH	21288
chr12:122273784	rs147353685	intergenic	0.9237	chr12:122295078	rs11043217	promoter	0.6005	MPV	21292
chr12:122332616	rs34149356	accessible	0.6303	chr12:122311186	rs36000644	intron	0.6163	PLT_COUNT	21428
chr4:77330582	rs116740091	intergenic	0.9811	chr4:77308619	rs74885068	intron	0.6955	WBC_COUNT	21961
chr5:76230252	rs11959529	intergenic	0.9873	chr5:76207954	rs143220282	intron	0.9664	PLT_COUNT	22296
chr7:92408370	rs445	accessible	1	chr7:92385350	rs74807138	intron	0.6763	BASO_COUNT	23018
chr7:92408370	rs445	accessible	1	chr7:92385350	rs74807138	intron	0.5055	NEUTRO_COUNT	23018
chr7:92408370	rs445	accessible	1	chr7:92385350	rs74807138	intron	0.5783	WBC_COUNT	23018
chr1:25629943	rs590787	coding	0.5923	chr1:25653526	NA	intron	1	MCV	23581
chr1:25629943	rs590787	coding	0.7758	chr1:25653526	NA	intron	0.9991	MEAN_RETIC_VOL	23581
chr1:25629943	rs590787	coding	0.6964	chr1:25653526	NA	intron	1	PLT_COUNT	23581
chr1:25653526	NA	intron	0.9991	chr1:25677605	rs72660919	intron	0.9315	MEAN_RETIC_VOL	24077
chr6:26017598	rs34877685	coding	1	chr6:26041986	rs72834643	promoter	0.517	MCV	24386
chr3:56999968	rs114939697	intron	0.8801	chr3:56975292	rs4681936	promoter	0.9999	MPV	24674
chr11:65354926	rs7130129	accessible	0.6234	chr11:65380124	rs1078457	promoter	0.6981	MCH	25196
chr1:205744138	rs708725	coding	0.5487	chr1:205718858	rs7536483	promoter	0.5919	NEUTRO_COUNT	25278
chr1:205744138	rs708725	coding	0.8547	chr1:205718634	rs370218853	promoter	0.7279	WBC_COUNT	25502
chr12:54685880	rs35979828	accessible	0.9783	chr12:54711574	rs11559982	accessible	0.6915	MPV	25692
chr9:27489251	rs868856	accessible	0.765	chr9:27514962	rs4609281	accessible	0.5503	WBC_COUNT	25709
chr14:69425467	rs117672662	accessible	0.9952	chr14:69452088	rs10220411	intron	0.9989	MPV	26619
chr13:114947535	rs536310449	intergenic	0.8606	chr13:114920867	rs9590390	intergenic	0.5454	LYMPH_COUNT	26666
chr12:122273784	rs147353685	intergenic	0.9237	chr12:122247114	rs77408535	intron	1	MPV	26668
chr6:41925159	rs9349205	accessible	0.9607	chr6:41952511	rs113267280	intron	0.5221	RETIC_COUNT	27350
chr20:1791920	rs200891	accessible	0.9782	chr20:1819280	rs156356	intergenic	0.9881	MPV	27358
chr4:55437492	rs2703485	accessible	0.8344	chr4:55408875	rs218264	accessible	0.5976	MEAN_RETIC_VOL	28615
chr6:41877671	rs114056237	intron	0.8715	chr6:41906661	rs3218092	intron	0.7135	MEAN_RETIC_VOL	28988
chr6:26254271	rs806785	intergenic	0.9763	chr6:26224661	rs150375987	promoter	0.6118	MCH	29608
chr12:122325124	rs80294690	promoter	0.9973	chr12:122295078	rs11043217	promoter	0.6005	MPV	30044
chr19:33754548	rs78744187	accessible	1	chr19:33784657	rs73024215	intergenic	0.849	MCH	30107
chr19:33754548	rs78744187	accessible	1	chr19:33784657	rs73024215	intergenic	0.8463	MCV	30107
chr17:37484501	NA	intron	0.9997	chr17:37514837	NA	intron	0.958	NEUTRO_COUNT	30334
chr17:37484501	NA	intron	0.9899	chr17:37514837	NA	intron	0.9461	WBC_COUNT	30334
chr10:91430181	rs3908479	intergenic	0.5701	chr10:91399732	rs4934490	intron	0.8087	WBC_COUNT	30447
chr15:62081897	rs76279900	intergenic	1	chr15:62050458	rs77366442	intergenic	0.9948	WBC_COUNT	31437
chr5:75996909	rs34592828	coding	1	chr5:75964507	rs34950321	coding	1	MPV	32400
chr5:75996909	rs34592828	coding	1	chr5:75964507	rs34950321	coding	0.9699	PLT_COUNT	32400
chr19:17252041	rs59616136	intron	1	chr19:17285753	NA	intron	0.6799	RETIC_COUNT	33710
chr7:100309180	rs143593369	intergenic	0.9807	chr7:100275444	rs62482253	promoter	0.6873	HGB	33734
chr8:41512581	NA	coding	0.5449	chr8:41549194	rs6474359	intron	0.5187	MCHC	36611
chr8:130604272	rs562240450	accessible	0.9707	chr8:130641322	rs146950370	intergenic	0.5494	MONO_COUNT	37048
chr6:110092900	rs13207150	accessible	1	chr6:110055703	NA	intron	1	MCH	37195
chr6:110092900	rs13207150	accessible	1	chr6:110055703	NA	intron	1	MCV	37195
chr6:33893513	rs2147428	intergenic	0.5067	chr6:33855709	NA	promoter	0.5959	PLT_COUNT	37802
chr20:48844260	rs6122890	accessible	0.5637	chr20:48884124	rs6125961	promoter	0.9931	MONO_COUNT	39862
chr1:101704577	rs41287280	coding	0.9967	chr1:101744646	rs77046277	promoter	0.7281	LYMPH_COUNT	40067
chr8:41589736	rs149489081	intron	0.9997	chr8:41549491	rs72638986	intron	0.5352	RETIC_COUNT	40243
chr16:198093	rs2909028	intergenic	0.6153	chr16:157592	NA	intron	0.9266	RETIC_COUNT	40499
chr8:41589736	rs149489081	intron	0.9819	chr8:41549194	rs6474359	intron	0.5187	MCHC	40540
chr8:41630447	rs4737010	accessible	1	chr8:41589736	rs149489081	intron	0.9819	MCHC	40709
chr8:41630447	rs4737010	accessible	1	chr8:41589736	rs149489081	intron	0.9999	MEAN_RETIC_VOL	40709
chr8:41630447	rs4737010	accessible	0.9972	chr8:41589736	rs149489081	intron	0.9997	RETIC_COUNT	40709
chr16:170076	rs117747069	accessible	1	chr16:211106	rs71391117	intergenic	0.6542	MCH	41028
chr1:158637728	rs148912436	coding	0.7677	chr1:158596438	rs2482963	intron	0.5478	MEAN_RETIC_VOL	41288
chr19:1074315	rs12974537	accessible	0.8922	chr19:1031550	rs113772652	intron	0.5914	MPV	42763
chr2:36246404	rs77506483	intergenic	0.9621	chr2:36202697	rs13383222	intergenic	0.5272	WBC_COUNT	43705
chr12:6493351	rs10849448	coding	0.9978	chr12:6447522	rs4149577	intron	0.5207	MONO_COUNT	45827
chr8:23423669	rs2942194	coding	0.9212	chr8:23377161	rs11784090	intergenic	0.6047	MCV	46506
chr15:63388806	rs144503466	intergenic	0.5052	chr15:63341996	rs11071720	promoter	1	MPV	46808
chr1:171892405	rs2208368	accessible	0.8543	chr1:171939290	rs2038479	accessible	0.5405	MPV	46883
chr1:25629943	rs590787	coding	0.6111	chr1:25677605	rs72660919	intron	0.9187	MCHC	47660
chr3:128656155	rs1023423470	intergenic	0.8356	chr3:128607384	rs62268187	intron	0.6424	MONO_COUNT	48769
chr4:133957535	rs55713669	intergenic	0.9615	chr4:134007525	rs35510114	intergenic	0.6802	WBC_COUNT	49988
chr1:158586966	rs2022003	intron	0.9648	chr1:158638260	rs140446749	intron	0.8976	RETIC_COUNT	51292
chr8:7741101	rs188581397	intergenic	0.9983	chr8:7689745	rs142214294	intergenic	0.8848	NEUTRO_COUNT	51354
chr8:7741101	rs188581397	intergenic	1	chr8:7689745	rs142214294	intergenic	0.9946	WBC_COUNT	51354
chr6:26254271	rs806785	intergenic	0.9763	chr6:26306185	rs72836428	promoter	0.9722	MCH	51912
chr6:422631	rs62389424	intergenic	0.8048	chr6:475254	rs9502135	intergenic	0.7359	EO_COUNT	52621
chr20:1654074	rs140840556	intergenic	0.7007	chr20:1600925	rs11696739	promoter	0.978	MPV	53147
chr5:88125853	rs304151	accessible	0.5129	chr5:88070153	NA	intron	0.6077	MCH	55698
chr9:329343	NA	intron	0.5974	chr9:273160	rs540909	promoter	0.8003	MPV	56181
chr3:46354839	rs6441963	intergenic	0.9021	chr3:46411542	rs2227010	promoter	0.9182	MONO_COUNT	56701
chr1:205744138	rs708725	coding	0.8397	chr1:205687365	rs372638732	coding	0.7446	LYMPH_COUNT	56771
chr19:41147134	NA	intergenic	0.6364	chr19:41204070	rs148614081	intron	0.6527	HCT	56934
chr2:46293826	rs114948639	accessible	0.9566	chr2:46353166	rs10495928	intron	0.5116	HCT	59338
chr2:46293826	rs114948639	accessible	0.9907	chr2:46353166	rs10495928	intron	0.7056	HGB	59338
chr16:89043454	rs117565673	coding	0.6591	chr16:89105007	rs62045849	intergenic	0.5403	MCH	61551
chr16:170076	rs117747069	accessible	1	chr16:232396	NA	intergenic	1	MCV	62318
chr16:170076	rs117747069	accessible	1	chr16:232396	NA	intergenic	1	RBC_COUNT	62318
chr4:77308619	rs74885068	intron	0.6955	chr4:77245904	rs76461982	promoter	0.6388	WBC_COUNT	62713
chr17:37579383	rs145835664	intron	1	chr17:37514837	NA	intron	0.958	NEUTRO_COUNT	64544
chr17:37579383	rs145835664	intron	0.9999	chr17:37514837	NA	intron	0.9461	WBC_COUNT	64544
chr12:122332616	rs34149356	accessible	0.6303	chr12:122399173	rs11615667	intron	0.7144	PLT_COUNT	66555
chr16:88856084	rs551118	accessible	0.8747	chr16:88788934	rs4238686	intron	0.9881	MCHC	67148
chr2:46293826	rs114948639	accessible	0.9907	chr2:46225778	rs2122113	intron	0.7498	HGB	68046
chr7:50370254	rs149007767	accessible	1	chr7:50439415	rs78015841	accessible	0.5305	MONO_COUNT	69159
chr13:28604007	rs76428106	intron	0.9989	chr13:28674797	rs117145034	promoter	0.752	WBC_COUNT	70788
chr2:183478362	rs145445700	intergenic	0.6668	chr2:183407323	rs73046489	intergenic	0.6594	WBC_COUNT	71037
chr14:55412869	rs7146285	intron	0.968	chr14:55484210	rs10148100	intron	0.795	WBC_COUNT	71339
chr2:46293826	rs114948639	accessible	0.6904	chr2:46365920	rs12992366	intron	0.8991	RBC_COUNT	72092
chr8:22530061	rs6981627	intergenic	0.9156	chr8:22457804	rs746011	promoter	0.7779	WBC_COUNT	72255
chr19:4502201	rs8887	coding	1	chr19:4426164	rs571739910	intron	0.6396	MCH	76035
chr19:4502201	rs8887	coding	1	chr19:4426164	rs571739910	intron	0.7651	MCV	76035
chr9:33971740	rs3739690	coding	0.8259	chr9:33895439	rs10971769	intron	0.8351	NEUTRO_COUNT	76299
chr9:33971740	rs3739690	coding	0.6623	chr9:33895439	rs10971769	intron	0.8052	WBC_COUNT	76299
chr9:4763491	rs12005199	accessible	1	chr9:4840380	rs10974808	promoter	0.599	PLT_COUNT	76887
chr8:41512581	NA	coding	0.9952	chr8:41589736	rs149489081	intron	0.9999	MEAN_RETIC_VOL	77153
chr14:103498674	rs573052967	accessible	0.7072	chr14:103576444	rs879840291	coding	0.5019	MPV	77768
chr5:88259272	rs9293508	intron	0.5566	chr5:88180196	rs114694170	promoter	1	PLT_COUNT	79074
chr9:33882692	rs62555928	intron	0.7794	chr9:33962203	rs10971825	intron	0.7738	MONO_COUNT	79509
chr19:55184549	rs73933960	intergenic	0.7479	chr19:55103797	rs112953564	promoter	0.9768	NEUTRO_COUNT	80750
chr14:65350074	NA	intergenic	0.6008	chr14:65267469	rs230703	intron	0.7409	MEAN_RETIC_VOL	82603
chr2:112167931	rs62160676	intron	0.9995	chr2:112250758	rs138308793	promoter	0.6261	RBC_COUNT	82825
chr19:55014018	rs2287829	coding	1	chr19:55103797	rs112953564	promoter	0.8286	LYMPH_COUNT	89777
chr19:55014018	rs2287829	coding	0.9981	chr19:55103797	rs112953564	promoter	0.9853	WBC_COUNT	89777
chr6:29814513	rs13216671	intergenic	1	chr6:29905437	rs3098023	intergenic	0.5912	LYMPH_COUNT	90922
chr5:131864035	rs139939228	accessible	0.6795	chr5:131770805	rs2188962	accessible	0.5975	EO_COUNT	93228
chr7:50370254	rs149007767	accessible	1	chr7:50274215	rs117989553	intergenic	0.5535	MONO_COUNT	96037
chr8:2954981	rs10676398	accessible	0.5968	chr8:3052411	rs111425321	intron	0.5374	WBC_COUNT	97428
chr6:108596310	rs375658476	intergenic	1	chr6:108694389	rs12208637	intron	0.5932	WBC_COUNT	98077
chr6:26017598	rs34877685	coding	1	chr6:25918225	rs80215559	intron	1	MCV	99371
chr3:56849749	rs1354034	accessible	1	chr3:56950055	rs17825630	promoter	0.9997	MPV	100304
chr3:56849749	rs1354034	accessible	1	chr3:56950055	rs17825630	promoter	0.9811	PLT_COUNT	100304
chr6:27818093	rs77377107	intergenic	0.9954	chr6:27924371	rs78354798	promoter	0.7744	WBC_COUNT	106276
chr9:33992591	rs10971836	intron	0.9989	chr9:33882692	rs62555928	intron	0.7791	LYMPH_COUNT	109897
chr17:17887677	rs33990475	intron	0.9714	chr17:17997922	rs4925139	intron	0.9654	NEUTRO_COUNT	110243
chr17:17997922	rs4925139	intron	0.9996	chr17:17887677	rs33990475	intron	0.7324	WBC_COUNT	110243
chr17:37484501	NA	intron	0.9997	chr17:37372773	rs79873275	intron	0.9653	NEUTRO_COUNT	111726
chr17:37484501	NA	intron	0.9899	chr17:37372773	rs79873275	intron	0.9819	WBC_COUNT	111726
chr5:102476646	rs113075753	intron	0.6532	chr5:102361323	rs11956825	intron	0.604	WBC_COUNT	115321
chr13:114920867	rs9590390	intergenic	0.5454	chr13:114801846	rs12021000	promoter	0.5819	LYMPH_COUNT	119019
chr10:11772876	rs117253651	accessible	0.7292	chr10:11904988	rs7069533	intron	0.6213	MPV	132110
chr17:43894111	rs28364028	intron	0.8805	chr17:43756506	rs757502	intron	0.8159	WBC_COUNT	137603
chr10:15432243	rs117278383	intergenic	0.9846	chr10:15571274	rs73598716	intron	0.8754	WBC_COUNT	139029
chr5:137157840	rs138110819	accessible	0.6235	chr5:137298741	rs2058311	intron	0.5844	WBC_COUNT	140899
chr17:63838685	rs75257441	intron	1	chr17:63983803	rs117011212	intron	0.743	WBC_COUNT	145116
chr19:54957229	rs868793855	intergenic	0.7402	chr19:55103797	rs112953564	promoter	0.7825	MONO_COUNT	146566
chr7:100234308	rs184637597	intron	0.5046	chr7:100083971	rs546810441	promoter	0.9994	HCT	150335
chr9:33730117	rs117500816	intergenic	0.9225	chr9:33882692	rs62555928	intron	0.5555	BASO_COUNT	152573
chr9:33730117	rs117500816	intergenic	0.8674	chr9:33882692	rs62555928	intron	0.7794	MONO_COUNT	152573
chr19:41306650	rs61750953	coding	0.5093	chr19:41147697	rs2561566	intergenic	0.6076	HGB	158951
chr4:15743240	rs76364661	intergenic	0.7609	chr4:15582642	rs191050570	intron	0.9998	NEUTRO_COUNT	160596
chr4:15743240	rs76364661	intergenic	0.7557	chr4:15582642	rs191050570	intron	0.9996	WBC_COUNT	160596
chr14:74042978	rs61987142	intergenic	1	chr14:74204476	NA	intron	0.7521	MCV	161496
chr9:33730117	rs117500816	intergenic	0.9656	chr9:33895439	rs10971769	intron	0.8351	NEUTRO_COUNT	165320
chr9:33730117	rs117500816	intergenic	0.9964	chr9:33895439	rs10971769	intron	0.8052	WBC_COUNT	165320
chr7:100414147	rs116979562	intron	0.8586	chr7:100239422	rs531909210	promoter	0.5518	MCH	174723
chr14:74042978	rs61987142	intergenic	1	chr14:74218569	rs544453779	intron	0.5262	RETIC_COUNT	175589
chr4:38314170	rs1586459	intergenic	0.9973	chr4:38137353	rs658349	intron	0.5286	LYMPH_COUNT	176815
chr12:6128443	rs216311	coding	0.6956	chr12:6308546	rs946952855	promoter	0.6526	MPV	180101
chr5:1104938	rs35188965	accessible	0.5121	chr5:1285974	rs7705526	intron	0.8577	RBC_COUNT	181034
chr5:1104938	rs35188965	accessible	0.6867	chr5:1287194	rs2853677	intron	0.9993	MCH	182254
chr5:1104938	rs35188965	accessible	0.9775	chr5:1287194	rs2853677	intron	0.9828	MCV	182254
chr5:1104938	rs35188965	accessible	0.9743	chr5:1287194	rs2853677	intron	0.8723	MPV	182254
chr5:1102706	rs10067280	accessible	0.5484	chr5:1285974	rs7705526	intron	0.5407	MEAN_RETIC_VOL	183266
chr4:91008657	rs116380795	intergenic	0.6602	chr4:90816799	rs80126664	promoter	0.9906	BASO_COUNT	191856
chr2:135839805	rs6728452	intron	0.7701	chr2:136034836	rs58681822	intron	0.6158	NEUTRO_COUNT	195029
chr2:135839805	rs6728452	intron	0.8703	chr2:136034836	rs58681822	intron	0.5704	WBC_COUNT	195029
chr9:27514962	rs4609281	accessible	0.5503	chr9:27714733	rs1036331404	intergenic	1	WBC_COUNT	199769
chr9:33992591	rs10971836	intron	0.9989	chr9:34195572	rs75339900	intron	0.9662	LYMPH_COUNT	202979
chr12:111884608	rs3184504	coding	0.9997	chr12:112088447	rs749237684	intron	0.6732	PLT_COUNT	203837
chr1:158384566	rs369186418	intergenic	0.714	chr1:158596438	rs2482963	intron	0.5478	MEAN_RETIC_VOL	211870
chr14:69425467	rs117672662	accessible	0.9952	chr14:69212885	rs12589699	intergenic	0.6738	MPV	212580
chr16:88782050	rs61745086	coding	0.6269	chr16:88567333	rs74035509	intron	0.6957	RETIC_COUNT	214715
chr9:33971740	rs3739690	coding	0.6623	chr9:34195572	rs75339900	intron	0.8654	WBC_COUNT	223830
chr7:10525462	rs116924249	intergenic	0.7193	chr7:10752679	rs117239175	intergenic	0.7003	WBC_COUNT	227215
chr7:100314474	rs149823406	intergenic	1	chr7:100083971	rs546810441	promoter	0.7289	RBC_COUNT	230501
chr21:37834258	rs128494	promoter	0.9276	chr21:38071988	rs116948941	promoter	0.5809	RBC_COUNT	237728
chr13:28842950	NA	accessible	0.5576	chr13:28604007	rs76428106	intron	1	MONO_COUNT	238941
chr20:55990405	rs737092	accessible	0.5349	chr20:55744431	rs117553902	coding	0.9981	RETIC_COUNT	245972
chr11:85799045	rs12294393	intergenic	0.9375	chr11:85549648	rs75550030	intergenic	0.8648	WBC_COUNT	249395
chr17:44150163	rs796724601	intron	0.9999	chr17:43894111	rs28364028	intron	0.8805	WBC_COUNT	256050
chr14:23326912	rs117095700	intergenic	0.5387	chr14:23587046	rs147453535	promoter	0.9999	EO_COUNT	260132
chr4:90555372	rs113159419	intergenic	1	chr4:90816799	rs80126664	promoter	1	NEUTRO_COUNT	261425
chr4:90555372	rs113159419	intergenic	1	chr4:90816799	rs80126664	promoter	1	WBC_COUNT	261425
chr19:18148982	rs12462895	intergenic	0.8951	chr19:18413061	rs74929147	intergenic	0.5872	MEAN_RETIC_VOL	264077
chr2:204737635	rs56102377	coding	0.801	chr2:205004024	rs115109244	intergenic	0.9361	WBC_COUNT	266387
chr19:55451083	rs1654636	coding	0.8717	chr19:55184549	rs73933960	intergenic	0.7479	NEUTRO_COUNT	266532
chr6:34183057	rs1592269	intergenic	0.9661	chr6:33893513	rs2147428	intergenic	0.5067	PLT_COUNT	289542
chr1:158295347	rs186270716	intergenic	0.8858	chr1:158586966	rs2022003	intron	0.9648	RETIC_COUNT	291617
chr3:124631855	rs147181828	intron	0.5631	chr3:124337402	rs34605102	intron	0.5161	MPV	294451
chr2:205004024	rs115109244	intergenic	0.9078	chr2:204693871	rs558858909	intergenic	0.8442	NEUTRO_COUNT	310151
chr19:18430381	rs113377929	accessible	0.5801	chr19:18116144	rs35928002	intron	0.9892	MONO_COUNT	314235
chr5:154027482	NA	accessible	0.9318	chr5:154346259	rs14922	coding	0.9715	MCH	318775
chr1:248039294	rs1339847	coding	0.5039	chr1:247719769	rs56043070	intron	0.7122	RETIC_COUNT	319523
chr6:44030011	rs833805	intergenic	1	chr6:43697660	rs142670959	intergenic	0.6043	HCT	332349
chr4:76912247	rs116450149	promoter	0.9847	chr4:77245904	rs76461982	promoter	0.6388	WBC_COUNT	333655
chr4:76912247	rs116450149	promoter	0.9965	chr4:77246637	rs386676239	promoter	0.7043	NEUTRO_COUNT	334388
chr12:41163938	rs117518701	intron	1	chr12:40821478	rs11564247	intron	0.5737	NEUTRO_COUNT	342458
chr19:55451083	rs1654636	coding	0.9146	chr19:55103797	rs112953564	promoter	0.9853	WBC_COUNT	347284
chr17:47857324	rs35388001	accessible	0.7012	chr17:47487851	rs546436080	intron	0.8286	MEAN_RETIC_VOL	369471
chr2:112184714	rs12185734	intron	0.9281	chr2:111811665	rs4848370	intron	0.5326	MCV	373047
chr17:44150163	rs796724601	intron	0.9987	chr17:43756506	rs757502	intron	0.7897	NEUTRO_COUNT	393655
chr7:92682359	rs11973616	intergenic	0.7044	chr7:92273578	rs10225965	intron	0.5421	MCH	408779
chr7:92682609	rs739385	accessible	0.7889	chr7:92273578	rs10225965	intron	0.7082	MCV	409029
chr12:41163938	rs117518701	intron	1	chr12:40754308	rs11564146	intron	0.5806	WBC_COUNT	409628
chr14:55894478	rs12433364	intron	0.8093	chr14:55484210	rs10148100	intron	0.795	WBC_COUNT	410266
chr12:41163938	rs117518701	intron	1	chr12:41597408	rs77179714	intron	0.9873	NEUTRO_COUNT	433468
chr12:41163938	rs117518701	intron	1	chr12:41597408	rs77179714	intron	1	WBC_COUNT	433468
chr3:29785085	rs116243895	intron	0.9385	chr3:29346461	rs116212717	intron	0.9329	WBC_COUNT	438622
chr7:28277107	rs2158799	intron	1	chr7:28724374	rs56388170	promoter	1	NEUTRO_COUNT	447265
chr7:28277107	rs2158799	intron	1	chr7:28724374	rs56388170	promoter	1	WBC_COUNT	447265
chr12:112576832	rs535526948	intron	0.7296	chr12:112088447	rs749237684	intron	0.6732	PLT_COUNT	488383
chr17:44269836	NA	coding	0.5479	chr17:43756506	rs757502	intron	0.9139	LYMPH_COUNT	513328
chr19:45716192	rs11667509	coding	0.9983	chr19:45147340	rs11540084	coding	0.6576	MPV	568850
chr7:50814101	rs73113843	intron	0.8503	chr7:50182623	rs13231420	intron	0.7656	WBC_COUNT	631476
chr6:45789704	rs112736293	intergenic	0.8936	chr6:46441893	rs2153619	intron	0.9992	WBC_COUNT	652187
chr9:4746363	rs4742045	accessible	0.5869	chr9:4068861	rs79302403	intron	0.6987	RBC_COUNT	677500
chr19:33754491	rs573763403	accessible	0.847	chr19:33070644	NA	promoter	0.6746	MEAN_RETIC_VOL	683845
chr19:10686769	rs35332266	intron	0.6069	chr19:11374791	rs192624686	promoter	0.8363	PLT_COUNT	688020
chr20:58298785	rs6070928	accessible	0.7356	chr20:57598808	rs41303899	coding	1	MPV	699975
chr4:14847678	rs10018589	intergenic	0.5992	chr4:15582642	rs191050570	intron	0.9998	NEUTRO_COUNT	734962
chr4:14847678	rs10018589	intergenic	0.8339	chr4:15582642	rs191050570	intron	0.9996	WBC_COUNT	734962
chr12:48409054	rs12819124	intergenic	0.5062	chr12:49165100	rs150291009	promoter	0.7713	HGB	756044
chr6:27067657	rs35657082	intergenic	0.8464	chr6:26306185	rs72836428	promoter	0.9722	MCH	761470
chr14:64703593	rs1256061	intron	0.8131	chr14:65487694	rs11627485	intron	0.6776	RBC_COUNT	784099
chr6:26261527	rs76858924	accessible	0.6488	chr6:27067657	rs35657082	intergenic	0.8735	MCV	806128
chr8:145097720	rs79832570	intron	0.5582	chr8:145912275	rs62529935	promoter	1	EO_COUNT	814553
chr7:52032351	rs62465983	intergenic	0.9999	chr7:52858004	rs17684300	intergenic	0.6623	WBC_COUNT	825651
chr2:157784791	rs74730449	intergenic	0.9993	chr2:156926364	rs17244912	intergenic	0.9903	WBC_COUNT	858425
chr19:18148982	rs12462895	intergenic	0.8951	chr19:17252041	rs59616136	intron	0.9862	MEAN_RETIC_VOL	896939
chr9:16992463	rs74863763	intergenic	0.8312	chr9:17895621	rs17185232	intergenic	0.8286	WBC_COUNT	903156
chr11:109697903	rs546359	intergenic	0.9988	chr11:110629547	NA	intergenic	0.5247	WBC_COUNT	931642
chr1:205744138	rs708725	coding	0.8397	chr1:206687263	rs12124627	intron	0.6897	LYMPH_COUNT	943123
chr2:32021240	rs143268195	intergenic	0.5295	chr2:32975257	rs57939658	intron	0.8811	NEUTRO_COUNT	954015
chr19:16197421	rs2303149	accessible	0.9222	chr19:17202746	rs7254827	accessible	0.5367	MPV	1005323
chr2:60718347	rs7599488	accessible	0.915	chr2:61730787	rs146542417	intron	0.7566	MCV	1012438
chr19:17252974	rs61166126	intron	0.5485	chr19:16211630	rs59508494	promoter	0.5206	PLT_COUNT	1041342
chr3:24077982	rs116467432	intergenic	0.9754	chr3:25121837	rs7651419	intergenic	0.9335	WBC_COUNT	1043853
chr5:150567017	rs61745454	coding	0.8054	chr5:149499672	rs246395	coding	0.5427	MONO_COUNT	1067343
chr13:98169258	rs9556731	intergenic	1	chr13:99343161	rs7335161	intron	0.9508	WBC_COUNT	1173901
chr6:136600949	rs149618892	coding	0.9756	chr6:135421067	NA	intergenic	0.5158	WBC_COUNT	1179880
chr2:220286254	rs121913003	coding	1	chr2:219093934	rs17572109	intron	0.9996	PLT_COUNT	1192318
chr7:52032351	rs62465983	intergenic	0.5209	chr7:50814101	rs73113843	intron	0.8831	LYMPH_COUNT	1218248
chr16:87886490	rs68149176	accessible	0.6157	chr16:89105007	rs62045849	intergenic	0.796	MCV	1218515
chr1:159892088	rs2789422	promoter	0.9088	chr1:161186303	rs12094497	promoter	0.5891	MPV	1294213
chr7:100172858	rs3197597	coding	0.5237	chr7:101499930	rs139141690	intron	1	MPV	1327070
chr6:118002367	rs35957877	accessible	0.7836	chr6:119361003	rs80349495	accessible	0.5966	NEUTRO_COUNT	1358634
chr6:119361003	rs80349495	accessible	0.9992	chr6:118002367	rs35957877	accessible	0.9587	WBC_COUNT	1358634
chr17:42330171	rs2857078	accessible	0.712	chr17:43717131	rs389217	promoter	0.7381	RETIC_COUNT	1386958
chr1:27046982	rs12729652	accessible	0.5671	chr1:25653526	NA	intron	1	MONO_COUNT	1393454
chr20:56020599	rs34161672	intergenic	0.5486	chr20:57424868	rs79067846	promoter	0.604	MPV	1404267
chr6:29275298	rs17404424	coding	0.9148	chr6:27818093	rs77377107	intergenic	0.9082	NEUTRO_COUNT	1457203
chr5:67084776	rs55990808	intergenic	0.9859	chr5:68558495	rs201296615	intron	0.8876	WBC_COUNT	1473717
chr20:45944659	rs17726337	accessible	1	chr20:44461845	rs56160013	promoter	0.5997	MPV	1482812
chr15:64832036	rs71394562	intron	0.5032	chr15:63341996	rs11071720	promoter	0.9838	PLT_COUNT	1490038
chr3:124327394	rs73191660	accessible	0.8306	chr3:122833003	rs3804749	accessible	0.5464	PLT_COUNT	1494389
chr9:2622146	NA	coding	0.8157	chr9:4118111	rs6415788	coding	0.7866	HGB	1495963
chr3:50352458	rs9877046	intergenic	1	chr3:51884072	rs2311059	intergenic	0.5075	RETIC_COUNT	1531612
chr7:52858004	rs17684300	intergenic	0.9994	chr7:54668408	rs80241971	intergenic	0.547	NEUTRO_COUNT	1810402
